INSERT INTO TREE_DOMAIN (ID_TREE, ROOT,LEFT,RIGHT) VALUES (1,1,3,2)
INSERT INTO TREE_DOMAIN (ID_TREE, ROOT,LEFT,RIGHT) VALUES (2,2,6,7)
INSERT INTO TREE_DOMAIN (ID_TREE, ROOT,LEFT,RIGHT) VALUES (3,3,4,5)
INSERT INTO TREE_DOMAIN (ID_TREE, ROOT,LEFT,RIGHT) VALUES (4,4,8,9)
INSERT INTO TREE_DOMAIN (ID_TREE, ROOT,LEFT,RIGHT) VALUES (5,5,10,11)
INSERT INTO TREE_DOMAIN (ID_TREE, ROOT,LEFT,RIGHT) VALUES (6,6,12,13)
INSERT INTO TREE_DOMAIN (ID_TREE, ROOT,LEFT,RIGHT) VALUES (7,7,14,15)
INSERT INTO TREE_DOMAIN (ID_TREE, ROOT,LEFT,RIGHT) VALUES (8,8,16,17)
INSERT INTO TREE_DOMAIN (ID_TREE, ROOT,LEFT,RIGHT) VALUES (9,9,18,19)
INSERT INTO TREE_DOMAIN (ID_TREE, ROOT,LEFT,RIGHT) VALUES (10,10,20,21)
INSERT INTO TREE_DOMAIN (ID_TREE, ROOT,LEFT,RIGHT) VALUES (11,11,22,23)
INSERT INTO TREE_DOMAIN (ID_TREE, ROOT,LEFT,RIGHT) VALUES (12,12,24,25)
INSERT INTO TREE_DOMAIN (ID_TREE, ROOT,LEFT,RIGHT) VALUES (13,13,26,27)
INSERT INTO TREE_DOMAIN (ID_TREE, ROOT,LEFT,RIGHT) VALUES (14,14,28,29)
INSERT INTO TREE_DOMAIN (ID_TREE, ROOT,LEFT,RIGHT) VALUES (15,15,30,31)
INSERT INTO TREE_DOMAIN (ID_TREE, ROOT,LEFT,RIGHT) VALUES (16,16,32,33)
INSERT INTO TREE_DOMAIN (ID_TREE, ROOT,LEFT,RIGHT) VALUES (17,17,34,35)
INSERT INTO TREE_DOMAIN (ID_TREE, ROOT,LEFT,RIGHT) VALUES (18,18,36,37)
INSERT INTO TREE_DOMAIN (ID_TREE, ROOT,LEFT,RIGHT) VALUES (19,19,38,39)
INSERT INTO TREE_DOMAIN (ID_TREE, ROOT,LEFT,RIGHT) VALUES (20,20,40,41)
INSERT INTO TREE_DOMAIN (ID_TREE, ROOT,LEFT,RIGHT) VALUES (21,21,42,43)
INSERT INTO TREE_DOMAIN (ID_TREE, ROOT,LEFT,RIGHT) VALUES (22,22,44,45)
INSERT INTO TREE_DOMAIN (ID_TREE, ROOT,LEFT,RIGHT) VALUES (23,23,46,47)
INSERT INTO TREE_DOMAIN (ID_TREE, ROOT,LEFT,RIGHT) VALUES (24,24,48,49)
INSERT INTO TREE_DOMAIN (ID_TREE, ROOT,LEFT,RIGHT) VALUES (25,25,50,51)
INSERT INTO TREE_DOMAIN (ID_TREE, ROOT,LEFT,RIGHT) VALUES (26,26,52,53)
INSERT INTO TREE_DOMAIN (ID_TREE, ROOT,LEFT,RIGHT) VALUES (27,27,54,55)
INSERT INTO TREE_DOMAIN (ID_TREE, ROOT,LEFT,RIGHT) VALUES (28,28,56,57)
INSERT INTO TREE_DOMAIN (ID_TREE, ROOT,LEFT,RIGHT) VALUES (29,29,58,59)
INSERT INTO TREE_DOMAIN (ID_TREE, ROOT,LEFT,RIGHT) VALUES (30,30,60,61)
INSERT INTO TREE_DOMAIN (ID_TREE, ROOT,LEFT,RIGHT) VALUES (31,31,62,63)
INSERT INTO TREE_DOMAIN (ID_TREE, ROOT,LEFT,RIGHT) VALUES (32,32,64,64)
INSERT INTO TREE_DOMAIN (ID_TREE, ROOT,LEFT,RIGHT) VALUES (33,33,-1,-1)
INSERT INTO TREE_DOMAIN (ID_TREE, ROOT,LEFT,RIGHT) VALUES (34,34,-1,-1)
INSERT INTO TREE_DOMAIN (ID_TREE, ROOT,LEFT,RIGHT) VALUES (35,35,-1,-1)
INSERT INTO TREE_DOMAIN (ID_TREE, ROOT,LEFT,RIGHT) VALUES (36,36,-1,-1)
INSERT INTO TREE_DOMAIN (ID_TREE, ROOT,LEFT,RIGHT) VALUES (37,37,-1,-1)
INSERT INTO TREE_DOMAIN (ID_TREE, ROOT,LEFT,RIGHT) VALUES (38,38,-1,-1)
INSERT INTO TREE_DOMAIN (ID_TREE, ROOT,LEFT,RIGHT) VALUES (39,39,-1,-1)
INSERT INTO TREE_DOMAIN (ID_TREE, ROOT,LEFT,RIGHT) VALUES (40,40,-1,-1)
INSERT INTO TREE_DOMAIN (ID_TREE, ROOT,LEFT,RIGHT) VALUES (41,41,-1,-1)
INSERT INTO TREE_DOMAIN (ID_TREE, ROOT,LEFT,RIGHT) VALUES (42,42,-1,-1)
INSERT INTO TREE_DOMAIN (ID_TREE, ROOT,LEFT,RIGHT) VALUES (43,43,-1,-1)
INSERT INTO TREE_DOMAIN (ID_TREE, ROOT,LEFT,RIGHT) VALUES (44,44,-1,-1)
INSERT INTO TREE_DOMAIN (ID_TREE, ROOT,LEFT,RIGHT) VALUES (45,45,-1,-1)
INSERT INTO TREE_DOMAIN (ID_TREE, ROOT,LEFT,RIGHT) VALUES (46,46,-1,-1)
INSERT INTO TREE_DOMAIN (ID_TREE, ROOT,LEFT,RIGHT) VALUES (47,47,-1,-1)
INSERT INTO TREE_DOMAIN (ID_TREE, ROOT,LEFT,RIGHT) VALUES (48,48,-1,-1)
INSERT INTO TREE_DOMAIN (ID_TREE, ROOT,LEFT,RIGHT) VALUES (49,49,-1,-1)
INSERT INTO TREE_DOMAIN (ID_TREE, ROOT,LEFT,RIGHT) VALUES (50,50,-1,-1)
INSERT INTO TREE_DOMAIN (ID_TREE, ROOT,LEFT,RIGHT) VALUES (51,51,-1,-1)
INSERT INTO TREE_DOMAIN (ID_TREE, ROOT,LEFT,RIGHT) VALUES (52,52,-1,-1)
INSERT INTO TREE_DOMAIN (ID_TREE, ROOT,LEFT,RIGHT) VALUES (53,53,-1,-1)
INSERT INTO TREE_DOMAIN (ID_TREE, ROOT,LEFT,RIGHT) VALUES (54,54,-1,-1)
INSERT INTO TREE_DOMAIN (ID_TREE, ROOT,LEFT,RIGHT) VALUES (55,55,-1,-1)
INSERT INTO TREE_DOMAIN (ID_TREE, ROOT,LEFT,RIGHT) VALUES (56,56,-1,-1)
INSERT INTO TREE_DOMAIN (ID_TREE, ROOT,LEFT,RIGHT) VALUES (57,57,-1,-1)
INSERT INTO TREE_DOMAIN (ID_TREE, ROOT,LEFT,RIGHT) VALUES (58,58,-1,-1)
INSERT INTO TREE_DOMAIN (ID_TREE, ROOT,LEFT,RIGHT) VALUES (59,59,-1,-1)
INSERT INTO TREE_DOMAIN (ID_TREE, ROOT,LEFT,RIGHT) VALUES (60,60,-1,-1)
INSERT INTO TREE_DOMAIN (ID_TREE, ROOT,LEFT,RIGHT) VALUES (61,61,-1,-1)
INSERT INTO TREE_DOMAIN (ID_TREE, ROOT,LEFT,RIGHT) VALUES (62,62,-1,-1)
INSERT INTO TREE_DOMAIN (ID_TREE, ROOT,LEFT,RIGHT) VALUES (63,63,-1,-1)
INSERT INTO TREE_DOMAIN (ID_TREE, ROOT,LEFT,RIGHT) VALUES (64,64,-1,-1)

INSERT INTO  QUESTION_GROUP_DOMAIN (ID_QUESTION_GROUP,ACTIVE,SINGLE,NAME) VALUES (1,TRUE,TRUE,'TestGrupa')
INSERT INTO  QUESTION_GROUP_DOMAIN (ID_QUESTION_GROUP,ACTIVE,SINGLE,NAME) VALUES (2,TRUE,FALSE,'TestGrupa2')
INSERT INTO  QUESTION_GROUP_DOMAIN (ID_QUESTION_GROUP,ACTIVE,SINGLE,NAME) VALUES (3,TRUE,FALSE,'TestGrupa3')
INSERT INTO  QUESTION_GROUP_DOMAIN (ID_QUESTION_GROUP,ACTIVE,SINGLE,NAME) VALUES (4,TRUE,FALSE,'TestGrupa4')
INSERT INTO  QUESTION_GROUP_DOMAIN (ID_QUESTION_GROUP,ACTIVE,SINGLE,NAME) VALUES (5,TRUE,FALSE,'TestGrupa5')
INSERT INTO  QUESTION_GROUP_DOMAIN (ID_QUESTION_GROUP,ACTIVE,SINGLE,NAME) VALUES (6,FALSE,FALSE,'TestGrupa6')
INSERT INTO  QUESTION_GROUP_DOMAIN (ID_QUESTION_GROUP,ACTIVE,SINGLE,NAME) VALUES (7,FALSE,FALSE,'KinguinatorProfilingDoNotTouch')

INSERT INTO QUESTIONS_DOMAIN (ID_QUESTIONS,NUMBER,QUESTION,ID_QUESTION_GROUP) VALUES (65,1,'Test question this is Single Group',2)
INSERT INTO QUESTIONS_DOMAIN (ID_QUESTIONS,NUMBER,QUESTION,ID_QUESTION_GROUP) VALUES (66,1,'Test question this is Single Group',3)
INSERT INTO QUESTIONS_DOMAIN (ID_QUESTIONS,NUMBER,QUESTION,ID_QUESTION_GROUP) VALUES (67,1,'Test question this is Multi Group',4)
INSERT INTO QUESTIONS_DOMAIN (ID_QUESTIONS,NUMBER,QUESTION,ID_QUESTION_GROUP) VALUES (68,1,'Test question this is Multi Group',5)
INSERT INTO QUESTIONS_DOMAIN (ID_QUESTIONS,NUMBER,QUESTION,ID_QUESTION_GROUP) VALUES (69,1,'Test question this is Multi Group',6)



-- // test group for the first random tree random questiona

INSERT INTO QUESTIONS_DOMAIN (ID_QUESTIONS,NUMBER,QUESTION,ID_QUESTION_GROUP) VALUES (1,1,'The Journey starts in the Forest',1)
INSERT INTO QUESTIONS_DOMAIN (ID_QUESTIONS,NUMBER,QUESTION,ID_QUESTION_GROUP) VALUES (2,2,'Just around the Riverbend is a city bridge and near it a road to a canyon. Do you want to explore it ?',1)
INSERT INTO QUESTIONS_DOMAIN (ID_QUESTIONS,NUMBER,QUESTION,ID_QUESTION_GROUP) VALUES (3,3,'I am sure it was in a Faraway Land?',1)
INSERT INTO QUESTIONS_DOMAIN (ID_QUESTIONS,NUMBER,QUESTION,ID_QUESTION_GROUP) VALUES (7,7,'After crossing the city Gate (and getting some funny looks from the city guard), you stumble across some widely looking Hairdresser salon. Do you need a new haircut ?',1)
INSERT INTO QUESTIONS_DOMAIN (ID_QUESTIONS,NUMBER,QUESTION,ID_QUESTION_GROUP) VALUES (6,6,'Ancient Dragon is standing before you.Do you dare to come near it',1)
INSERT INTO QUESTIONS_DOMAIN (ID_QUESTIONS,NUMBER,QUESTION,ID_QUESTION_GROUP) VALUES (5,5,'Not so far than maybe underground. You see an entrance to the Sewers are you going in',1)
INSERT INTO QUESTIONS_DOMAIN (ID_QUESTIONS,NUMBER,QUESTION,ID_QUESTION_GROUP) VALUES (4,4,'On the Field Of the Battle ?',1)
INSERT INTO QUESTIONS_DOMAIN (ID_QUESTIONS,NUMBER,QUESTION,ID_QUESTION_GROUP) VALUES (15,15,'A Gnome on the market is showing you his newest invention – a chair glowed to a box of powder. It will take you up into the skies in few seconds - he mumbles. Do you dare to try it ?',1)
INSERT INTO QUESTIONS_DOMAIN (ID_QUESTIONS,NUMBER,QUESTION,ID_QUESTION_GROUP) VALUES (14,14,'Demon Barber looks for your approval. He is showing you his latest creation - a mohawk on a head of a young Succubus.  You dont like it?  - asks the servant of darkness ?',1)
INSERT INTO QUESTIONS_DOMAIN (ID_QUESTIONS,NUMBER,QUESTION,ID_QUESTION_GROUP) VALUES (13,13,'We could go to the nearest harbor and travel by sea or Should we Avoid the Dragon by going through the mountain Pass ?',1)
INSERT INTO QUESTIONS_DOMAIN (ID_QUESTIONS,NUMBER,QUESTION,ID_QUESTION_GROUP) VALUES (12,12,'Dragon is lonely and needs tea drinking company Are you in ? ',1)
INSERT INTO QUESTIONS_DOMAIN (ID_QUESTIONS,NUMBER,QUESTION,ID_QUESTION_GROUP) VALUES (11,11,'You dont like the smell or maybe you are scared to be left alone in the dark? Want to go and find some company ?',1)
INSERT INTO QUESTIONS_DOMAIN (ID_QUESTIONS,NUMBER,QUESTION,ID_QUESTION_GROUP) VALUES (10,10,'There is a shining glyph on the wall. You can see it is a little lose. You can press it.Do you do it ?',1)
INSERT INTO QUESTIONS_DOMAIN (ID_QUESTIONS,NUMBER,QUESTION,ID_QUESTION_GROUP) VALUES (9,9,'Do you see a Bonfire ?',1)
INSERT INTO QUESTIONS_DOMAIN (ID_QUESTIONS,NUMBER,QUESTION,ID_QUESTION_GROUP) VALUES (8,8,'Where Heroes has swords as Big as a Mountain',1)
INSERT INTO QUESTIONS_DOMAIN (ID_QUESTIONS,NUMBER,QUESTION,ID_QUESTION_GROUP) VALUES (31,31,'It looks dangerous and you just want to relax. With Classic glitches',1)
INSERT INTO QUESTIONS_DOMAIN (ID_QUESTIONS,NUMBER,QUESTION,ID_QUESTION_GROUP) VALUES (30,30,'Powerful explosion blasts you into the clouds. Leaver ! - screams the gnome from the ground bellow. Did you pull it?',1)
INSERT INTO QUESTIONS_DOMAIN (ID_QUESTIONS,NUMBER,QUESTION,ID_QUESTION_GROUP) VALUES (29,29,'I want one too !',1)
INSERT INTO QUESTIONS_DOMAIN (ID_QUESTIONS,NUMBER,QUESTION,ID_QUESTION_GROUP) VALUES (28,28,'I liked the old Demon hairstyle Better',1)
INSERT INTO QUESTIONS_DOMAIN (ID_QUESTIONS,NUMBER,QUESTION,ID_QUESTION_GROUP) VALUES (27,27,'You see two ships in the port. Beautiful Wooden Frigate and A steel old Steamer. Metal is your thing ?',1)
INSERT INTO QUESTIONS_DOMAIN (ID_QUESTIONS,NUMBER,QUESTION,ID_QUESTION_GROUP) VALUES (26,26,'Blizzard is striking you from every site. You cannot stand the cold. A Cave is shimmering in the distance. Do you want to shelter yourself ?',1)
INSERT INTO QUESTIONS_DOMAIN (ID_QUESTIONS,NUMBER,QUESTION,ID_QUESTION_GROUP) VALUES (25,25,'Not a tea Man- rows the Dragon. Than maybe you will try my new dragon stew ? My mother recipe/',1)
INSERT INTO QUESTIONS_DOMAIN (ID_QUESTIONS,NUMBER,QUESTION,ID_QUESTION_GROUP) VALUES (24,24,'Few hours and kettle later. He is starting To tell you about this one time, long ago, when this guy and his friends came to „visit”. Do you want to listen ? ',1)
INSERT INTO QUESTIONS_DOMAIN (ID_QUESTIONS,NUMBER,QUESTION,ID_QUESTION_GROUP) VALUES (23,23,'A loner He! You dont fear death are you immortal ?',1)
INSERT INTO QUESTIONS_DOMAIN (ID_QUESTIONS,NUMBER,QUESTION,ID_QUESTION_GROUP) VALUES (22,22,'You met a group of Adventurers but they are a little weird. They only move one tile at a time . Are you ok with that? ',1)
INSERT INTO QUESTIONS_DOMAIN (ID_QUESTIONS,NUMBER,QUESTION,ID_QUESTION_GROUP) VALUES (21,21,'Yhe who needs all the scares. Lets go to the nearest tavern and tell some Lasses about Our bravery ',1)
INSERT INTO QUESTIONS_DOMAIN (ID_QUESTIONS,NUMBER,QUESTION,ID_QUESTION_GROUP) VALUES (20,20,'One of the Walls moves and entrance to the dark corridor is wide open. Hollow shriek cuts the air around you. Do you go in ?',1)
INSERT INTO QUESTIONS_DOMAIN (ID_QUESTIONS,NUMBER,QUESTION,ID_QUESTION_GROUP) VALUES (19,19,'I am sure I saw a USA President. Did you see him too ?',1)
INSERT INTO QUESTIONS_DOMAIN (ID_QUESTIONS,NUMBER,QUESTION,ID_QUESTION_GROUP) VALUES (18,18,'And there are Ninjas ?',1)
INSERT INTO QUESTIONS_DOMAIN (ID_QUESTIONS,NUMBER,QUESTION,ID_QUESTION_GROUP) VALUES (17,17,'But surely there are tanks ?',1)
INSERT INTO QUESTIONS_DOMAIN (ID_QUESTIONS,NUMBER,QUESTION,ID_QUESTION_GROUP) VALUES (16,16,'And their hair is the latest fashion of the 8 bit console ',1)
INSERT INTO QUESTIONS_DOMAIN (ID_QUESTIONS,NUMBER,QUESTION,ID_QUESTION_GROUP, LINK) VALUES (63,63,'It looks to dungerous. You want to relax. With  Classic head bushing Dead Cells',1,'https://www.kinguin.net/category/36740/dead-cells-steam-cd-key/' )
INSERT INTO QUESTIONS_DOMAIN (ID_QUESTIONS,NUMBER,QUESTION,ID_QUESTION_GROUP,LINK) VALUES (62,62,'Nothing complicated here you have a sword you have an apple...eh eh shield : Kingdom of Amalu',1, 'https://www.kinguin.net/category/4525/kingdoms-of-amalur-reckoning-collection-steam-gift/')
INSERT INTO QUESTIONS_DOMAIN (ID_QUESTIONS,NUMBER,QUESTION,ID_QUESTION_GROUP,LINK) VALUES (61,61,'The parachute opens and you slowly starting to fall down into the Nord Lands. Before you land some borred hunters takes you For a pray and puts an arrow into your Knee. Welcome to: Skyrim',1,'https://www.kinguin.net/category/31221/the-elder-scrolls-v-skyrim-steam-key/')
INSERT INTO QUESTIONS_DOMAIN (ID_QUESTIONS,NUMBER,QUESTION,ID_QUESTION_GROUP,LINK) VALUES (60,60,'Up up into the sky. Or into the Galaxy far far away: SWTOR ',1,'https://www.kinguin.net/category/6508/star-wars-knights-of-the-old-republic-steam-cd-key/')
INSERT INTO QUESTIONS_DOMAIN (ID_QUESTIONS,NUMBER,QUESTION,ID_QUESTION_GROUP,LINK) VALUES (59,59,'I like to have an option to customize my hair. And there are so many chocies here :Dragon Age Series',1,'https://www.kinguin.net/category/1223/dragon-age-origins-ultimate-edition-origin-key/')
INSERT INTO QUESTIONS_DOMAIN (ID_QUESTIONS,NUMBER,QUESTION,ID_QUESTION_GROUP,LINK) VALUES (58,58,'Mohaks are very fashinable in the wasteland:Fallout IV',1,'https://www.kinguin.net/category/21962/fallout-4-steam-cd-key/')
INSERT INTO QUESTIONS_DOMAIN (ID_QUESTIONS,NUMBER,QUESTION,ID_QUESTION_GROUP,LINK) VALUES (57,57,'New haircut, new classes, new dungeons old mechanics. Perfect mix Ancient fossil in a new shell :Diablo 3',1,'https://www.kinguin.net/category/1964/diablo-3-eu-battle-net-cd-key/')
INSERT INTO QUESTIONS_DOMAIN (ID_QUESTIONS,NUMBER,QUESTION,ID_QUESTION_GROUP,LINK) VALUES (56,56,'Not all new things are better. Perfect is perfect even if the graphics are older than your gym card :Diablo 2',1,'https://www.kinguin.net/category/21218/diablo-2-eu-battle-net-cd-key/')
INSERT INTO QUESTIONS_DOMAIN (ID_QUESTIONS,NUMBER,QUESTION,ID_QUESTION_GROUP,LINK) VALUES (55,55,'Ahoy captain. A statue of an old God is distrubting trade. Some locals Want you to handle this goodly stuff. You are a Watcher aren t you ?: Pillars 2', 1,'https://www.kinguin.net/category/49681/pillars-of-eternity-ii-deadfire-obsidian-edition-steam-cd-key/')
INSERT INTO QUESTIONS_DOMAIN (ID_QUESTIONS,NUMBER,QUESTION,ID_QUESTION_GROUP,LINK) VALUES (54,54,'You thought that sturdy construction will get you safe and it did, but It only armor your body not the mind. Horrors came in the night. Sun dissapeared and in The darkness you could hear the waves of madness crushing into your ears:Sunless Sea',1,'https://www.kinguin.net/category/7822/sunless-sea-steam-key/')
INSERT INTO QUESTIONS_DOMAIN (ID_QUESTIONS,NUMBER,QUESTION,ID_QUESTION_GROUP,LINK) VALUES (53,53,'Welcome to Kuldaharar. Population 8. We have Goblin Horders, Cursed Tombs,Fire Lizards, and a Large Tree In the middle. Please do not try to kill the squirrel : IcewindDale',1,'https://www.kinguin.net/category/11138/icewind-dale-enhanced-edition-steam-key/')
INSERT INTO QUESTIONS_DOMAIN (ID_QUESTIONS,NUMBER,QUESTION,ID_QUESTION_GROUP,LINK) VALUES (52,52,'This is not a safe and normal place. Everything changes so fast that you do not know where is left and right.W5y  i3s  st@r$tin5 t) ch3nge to numbe..<3/.26&2315^>& : SanctuaryRPG: Black Edition',1,'https://www.kinguin.net/category/12798/sanctuaryrpg-black-edition-steam-key/')
INSERT INTO QUESTIONS_DOMAIN (ID_QUESTIONS,NUMBER,QUESTION,ID_QUESTION_GROUP,LINK) VALUES (51,51,'God Eater',1,'https://www.kinguin.net/category/60122/god-eater-3-eu-steam-cd-key/')
INSERT INTO QUESTIONS_DOMAIN (ID_QUESTIONS,NUMBER,QUESTION,ID_QUESTION_GROUP,LINK) VALUES (50,50,'Battle Chef Brigades',1,'https://www.kinguin.net/category/43257/battle-chef-brigade-steam-cd-key/')
INSERT INTO QUESTIONS_DOMAIN (ID_QUESTIONS,NUMBER,QUESTION,ID_QUESTION_GROUP,LINK) VALUES (49,49,'Witcher 3',1,'https://www.kinguin.net/category/29342/the-witcher-3-wild-hunt-goty-edition-gog-cd-key/')
INSERT INTO QUESTIONS_DOMAIN (ID_QUESTIONS,NUMBER,QUESTION,ID_QUESTION_GROUP,LINK) VALUES (48,48,'Baldurs Gate 2',1,'https://www.kinguin.net/category/4691/baldur-s-gate-ii-enhanced-edition-steam-cd-key/')
INSERT INTO QUESTIONS_DOMAIN (ID_QUESTIONS,NUMBER,QUESTION,ID_QUESTION_GROUP,LINK) VALUES (47,47,'Deaths Gambit',1,'https://www.kinguin.net/category/54221/deatha-s-gambit-steam-cd-key/')
INSERT INTO QUESTIONS_DOMAIN (ID_QUESTIONS,NUMBER,QUESTION,ID_QUESTION_GROUP,LINK) VALUES (46,46,'Dust',1,'https://www.kinguin.net/category/9656/dust-an-elysian-tail-steam-key/')
INSERT INTO QUESTIONS_DOMAIN (ID_QUESTIONS,NUMBER,QUESTION,ID_QUESTION_GROUP,LINK) VALUES (45,45,'Legend of Gimrock',1,'https://www.kinguin.net/category/3818/legend-of-grimrock-steam-cd-key/')
INSERT INTO QUESTIONS_DOMAIN (ID_QUESTIONS,NUMBER,QUESTION,ID_QUESTION_GROUP,LINK) VALUES (44,44,'Dungeon of Chaos',1,'https://www.kinguin.net/category/44888/dungeons-of-chaos-steam-cd-key/')
INSERT INTO QUESTIONS_DOMAIN (ID_QUESTIONS,NUMBER,QUESTION,ID_QUESTION_GROUP,LINK) VALUES (43,43,'Unepic',1,'https://www.kinguin.net/category/1759/unepic-steam-key/')
INSERT INTO QUESTIONS_DOMAIN (ID_QUESTIONS,NUMBER,QUESTION,ID_QUESTION_GROUP,LINK) VALUES (42,42,'Tavernier',1,'https://www.kinguin.net/category/29299/tavernier-steam-cd-key/')
INSERT INTO QUESTIONS_DOMAIN (ID_QUESTIONS,NUMBER,QUESTION,ID_QUESTION_GROUP,LINK) VALUES (41,41,'Rouge Legacy',1,'https://www.kinguin.net/category/4469/rogue-legacy-steam-key/')
INSERT INTO QUESTIONS_DOMAIN (ID_QUESTIONS,NUMBER,QUESTION,ID_QUESTION_GROUP,LINK) VALUES (40,40,'Darkest Dungeon',1,'https://www.kinguin.net/category/19647/darkest-dungeon-steam-cd-key/')
INSERT INTO QUESTIONS_DOMAIN (ID_QUESTIONS,NUMBER,QUESTION,ID_QUESTION_GROUP,LINK) VALUES (39,39,'Tales of Berseria',1,'https://www.kinguin.net/category/38257/tales-of-berseria-steam-cd-key/')
INSERT INTO QUESTIONS_DOMAIN (ID_QUESTIONS,NUMBER,QUESTION,ID_QUESTION_GROUP,LINK) VALUES (38,38,'Ni No Kuni',1,'https://www.kinguin.net/category/42344/ni-no-kuni-ii-revenant-kingdom-steam-cd-key/')
INSERT INTO QUESTIONS_DOMAIN (ID_QUESTIONS,NUMBER,QUESTION,ID_QUESTION_GROUP,LINK) VALUES (37,37,'Dark Souls',1, 'https://www.kinguin.net/category/25602/dark-souls-3-steam-cd-key/')
INSERT INTO QUESTIONS_DOMAIN (ID_QUESTIONS,NUMBER,QUESTION,ID_QUESTION_GROUP,LINK) VALUES (36,36,'Nioh',1,'https://www.kinguin.net/category/42333/nioh-complete-edition-steam-cd-key/')
INSERT INTO QUESTIONS_DOMAIN (ID_QUESTIONS,NUMBER,QUESTION,ID_QUESTION_GROUP,LINK) VALUES (35,35,'Witcher',1,'https://www.kinguin.net/category/16574/the-witcher-enhanced-edition-gog-cd-key/')
INSERT INTO QUESTIONS_DOMAIN (ID_QUESTIONS,NUMBER,QUESTION,ID_QUESTION_GROUP,LINK) VALUES (34,34,'Valkyria Chronicles',1,'https://www.kinguin.net/category/11351/valkyria-chronicles-steam-key/')
INSERT INTO QUESTIONS_DOMAIN (ID_QUESTIONS,NUMBER,QUESTION,ID_QUESTION_GROUP,LINK) VALUES (33,33,'FF XV',1,'https://www.kinguin.net/category/46389/final-fantasy-xv-windows-edition-steam-cd-key/')
-- INSERT INTO QUESTIONS_DOMAIN (ID_QUESTIONS,NUMBER,QUESTION,ID_QUESTION_GROUP,LINK) VALUES (62,62,'FF XII',1,'https://www.kinguin.net/category/26820/final-fantasy-x-x-2-hd-remaster-steam-cd-key/')
INSERT INTO QUESTIONS_DOMAIN (ID_QUESTIONS,NUMBER,QUESTION,ID_QUESTION_GROUP,LINK) VALUES (32,32,'Final Fantasy 7, 8',1, 'https://www.kinguin.net/category/27925/final-fantasy-vii-viii-steam-cd-key/')

INSERT INTO USERS_DOMAIN  (ID_USER, NAME) VALUES (1,'Jan')


-- first random question for the profiling random tree
INSERT INTO QUESTIONS_DOMAIN (ID_QUESTIONS,NUMBER,QUESTION,ID_QUESTION_GROUP) VALUES (70,1,'This is a first question inside a product profile tree',7)
INSERT INTO QUESTIONS_DOMAIN (ID_QUESTIONS,NUMBER,QUESTION,ID_QUESTION_GROUP) VALUES (71,2,'Are you searching for a game that is above below 30 Euro',7)
INSERT INTO QUESTIONS_DOMAIN (ID_QUESTIONS,NUMBER,QUESTION,ID_QUESTION_GROUP) VALUES (72,3,'Are you searching for a game that is above below 30 Euro ',7)
INSERT INTO QUESTIONS_DOMAIN (ID_QUESTIONS,NUMBER,QUESTION,ID_QUESTION_GROUP) VALUES (73,4,'Are you searching for a game above 10 Euro',7)
INSERT INTO QUESTIONS_DOMAIN (ID_QUESTIONS,NUMBER,QUESTION,ID_QUESTION_GROUP) VALUES (74,5,'After crossing the city Gate (and getting some funny looks from the city guard), you stumble across some widely looking Hairdresser salon. Do you need a new haircut ?',7)
INSERT INTO QUESTIONS_DOMAIN (ID_QUESTIONS,NUMBER,QUESTION,ID_QUESTION_GROUP) VALUES (75,6,'Ancient Dragon is standing before you.Do you dare to come near it',7)
INSERT INTO QUESTIONS_DOMAIN (ID_QUESTIONS,NUMBER,QUESTION,ID_QUESTION_GROUP) VALUES (76,7,'Not so far than maybe underground. You see an entrance to the Sewers are you going in',7)
INSERT INTO QUESTIONS_DOMAIN (ID_QUESTIONS,NUMBER,QUESTION,ID_QUESTION_GROUP) VALUES (77,8,'On the Field Of the Battle ?',7)
INSERT INTO QUESTIONS_DOMAIN (ID_QUESTIONS,NUMBER,QUESTION,ID_QUESTION_GROUP) VALUES (78,9,'A Gnome on the market is showing you his newest invention – a chair glowed to a box of powder. It will take you up into the skies in few seconds - he mumbles. Do you dare to try it ?',7)
INSERT INTO QUESTIONS_DOMAIN (ID_QUESTIONS,NUMBER,QUESTION,ID_QUESTION_GROUP) VALUES (79,10,'Demon Barber looks for your approval. He is showing you his latest creation - a mohawk on a head of a young Succubus.  You dont like it?  - asks the servant of darkness ?',7)
INSERT INTO QUESTIONS_DOMAIN (ID_QUESTIONS,NUMBER,QUESTION,ID_QUESTION_GROUP) VALUES (80,11,'We could go to the nearest harbor and travel by sea or Should we Avoid the Dragon by going through the mountain Pass ?',7)
INSERT INTO QUESTIONS_DOMAIN (ID_QUESTIONS,NUMBER,QUESTION,ID_QUESTION_GROUP) VALUES (81,12,'Dragon is lonely and needs tea drinking company Are you in ? ',7)
INSERT INTO QUESTIONS_DOMAIN (ID_QUESTIONS,NUMBER,QUESTION,ID_QUESTION_GROUP) VALUES (82,13,'You dont like the smell or maybe you are scared to be left alone in the dark? Want to go and find some company ?',7)
INSERT INTO QUESTIONS_DOMAIN (ID_QUESTIONS,NUMBER,QUESTION,ID_QUESTION_GROUP) VALUES (83,14,'There is a shining glyph on the wall. You can see it is a little lose. You can press it.Do you do it ?',7)
INSERT INTO QUESTIONS_DOMAIN (ID_QUESTIONS,NUMBER,QUESTION,ID_QUESTION_GROUP) VALUES (84,15,'Do you see a Bonfire ?',7)
INSERT INTO QUESTIONS_DOMAIN (ID_QUESTIONS,NUMBER,QUESTION,ID_QUESTION_GROUP) VALUES (85,16,'Where Heroes has swords as Big as a Mountain',7)
INSERT INTO QUESTIONS_DOMAIN (ID_QUESTIONS,NUMBER,QUESTION,ID_QUESTION_GROUP) VALUES (86,17,'It looks dangerous and you just want to relax. With Classic glitches',7)
INSERT INTO QUESTIONS_DOMAIN (ID_QUESTIONS,NUMBER,QUESTION,ID_QUESTION_GROUP) VALUES (87,18,'Powerful explosion blasts you into the clouds. Leaver ! - screams the gnome from the ground bellow. Did you pull it?',7)
INSERT INTO QUESTIONS_DOMAIN (ID_QUESTIONS,NUMBER,QUESTION,ID_QUESTION_GROUP) VALUES (88,19,'I want one too !',7)
INSERT INTO QUESTIONS_DOMAIN (ID_QUESTIONS,NUMBER,QUESTION,ID_QUESTION_GROUP) VALUES (89,20,'I liked the old Demon hairstyle Better',7)
INSERT INTO QUESTIONS_DOMAIN (ID_QUESTIONS,NUMBER,QUESTION,ID_QUESTION_GROUP) VALUES (90,21,'You see two ships in the port. Beautiful Wooden Frigate and A steel old Steamer. Metal is your thing ?',7)
INSERT INTO QUESTIONS_DOMAIN (ID_QUESTIONS,NUMBER,QUESTION,ID_QUESTION_GROUP) VALUES (91,22,'Blizzard is striking you from every site. You cannot stand the cold. A Cave is shimmering in the distance. Do you want to shelter yourself ?',7)
INSERT INTO QUESTIONS_DOMAIN (ID_QUESTIONS,NUMBER,QUESTION,ID_QUESTION_GROUP) VALUES (92,23,'Not a tea Man- rows the Dragon. Than maybe you will try my new dragon stew ? My mother recipe/',7)
INSERT INTO QUESTIONS_DOMAIN (ID_QUESTIONS,NUMBER,QUESTION,ID_QUESTION_GROUP) VALUES (93,24,'Few hours and kettle later. He is starting To tell you about this one time, long ago, when this guy and his friends came to „visit”. Do you want to listen ? ',7)
INSERT INTO QUESTIONS_DOMAIN (ID_QUESTIONS,NUMBER,QUESTION,ID_QUESTION_GROUP) VALUES (94,25,'A loner He! You dont fear death are you immortal ?',7)
INSERT INTO QUESTIONS_DOMAIN (ID_QUESTIONS,NUMBER,QUESTION,ID_QUESTION_GROUP) VALUES (95,26,'You met a group of Adventurers but they are a little weird. They only move one tile at a time . Are you ok with that? ',7)
INSERT INTO QUESTIONS_DOMAIN (ID_QUESTIONS,NUMBER,QUESTION,ID_QUESTION_GROUP) VALUES (96,27,'Yhe who needs all the scares. Lets go to the nearest tavern and tell some Lasses about Our bravery ',7)
INSERT INTO QUESTIONS_DOMAIN (ID_QUESTIONS,NUMBER,QUESTION,ID_QUESTION_GROUP) VALUES (97,28,'One of the Walls moves and entrance to the dark corridor is wide open. Hollow shriek cuts the air around you. Do you go in ?',7)
INSERT INTO QUESTIONS_DOMAIN (ID_QUESTIONS,NUMBER,QUESTION,ID_QUESTION_GROUP) VALUES (98,29,'I am sure I saw a USA President. Did you see him too ?',7)
INSERT INTO QUESTIONS_DOMAIN (ID_QUESTIONS,NUMBER,QUESTION,ID_QUESTION_GROUP) VALUES (99,30,'And there are Ninjas ?',7)
INSERT INTO QUESTIONS_DOMAIN (ID_QUESTIONS,NUMBER,QUESTION,ID_QUESTION_GROUP) VALUES (100,31,'But surely there are tanks ?',7)
INSERT INTO QUESTIONS_DOMAIN (ID_QUESTIONS,NUMBER,QUESTION,ID_QUESTION_GROUP) VALUES (101,32,'And their hair is the latest fashion of the 8 bit console ',7)
INSERT INTO QUESTIONS_DOMAIN (ID_QUESTIONS,NUMBER,QUESTION,ID_QUESTION_GROUP, LINK) VALUES (102,33,'It looks to dungerous. You want to relax. With  Classic head bushing Dead Cells',7,'https://www.kinguin.net/category/36740/dead-cells-steam-cd-key/' )
INSERT INTO QUESTIONS_DOMAIN (ID_QUESTIONS,NUMBER,QUESTION,ID_QUESTION_GROUP,LINK) VALUES (103,34,'Nothing complicated here you have a sword you have an apple...eh eh shield : Kingdom of Amalu',7, 'https://www.kinguin.net/category/4525/kingdoms-of-amalur-reckoning-collection-steam-gift/')
INSERT INTO QUESTIONS_DOMAIN (ID_QUESTIONS,NUMBER,QUESTION,ID_QUESTION_GROUP,LINK) VALUES (104,35,'The parachute opens and you slowly starting to fall down into the Nord Lands. Before you land some borred hunters takes you For a pray and puts an arrow into your Knee. Welcome to: Skyrim',7,'https://www.kinguin.net/category/31221/the-elder-scrolls-v-skyrim-steam-key/')
INSERT INTO QUESTIONS_DOMAIN (ID_QUESTIONS,NUMBER,QUESTION,ID_QUESTION_GROUP,LINK) VALUES (105,36,'Up up into the sky. Or into the Galaxy far far away: SWTOR ',7,'https://www.kinguin.net/category/6508/star-wars-knights-of-the-old-republic-steam-cd-key/')
INSERT INTO QUESTIONS_DOMAIN (ID_QUESTIONS,NUMBER,QUESTION,ID_QUESTION_GROUP,LINK) VALUES (106,37,'I like to have an option to customize my hair. And there are so many chocies here :Dragon Age Series',7,'https://www.kinguin.net/category/1223/dragon-age-origins-ultimate-edition-origin-key/')
INSERT INTO QUESTIONS_DOMAIN (ID_QUESTIONS,NUMBER,QUESTION,ID_QUESTION_GROUP,LINK) VALUES (107,38,'Mohaks are very fashinable in the wasteland:Fallout IV',7,'https://www.kinguin.net/category/21962/fallout-4-steam-cd-key/')
INSERT INTO QUESTIONS_DOMAIN (ID_QUESTIONS,NUMBER,QUESTION,ID_QUESTION_GROUP,LINK) VALUES (108,39,'New haircut, new classes, new dungeons old mechanics. Perfect mix Ancient fossil in a new shell :Diablo 3',7,'https://www.kinguin.net/category/1964/diablo-3-eu-battle-net-cd-key/')
INSERT INTO QUESTIONS_DOMAIN (ID_QUESTIONS,NUMBER,QUESTION,ID_QUESTION_GROUP,LINK) VALUES (109,40,'Not all new things are better. Perfect is perfect even if the graphics are older than your gym card :Diablo 2',7,'https://www.kinguin.net/category/21218/diablo-2-eu-battle-net-cd-key/')
INSERT INTO QUESTIONS_DOMAIN (ID_QUESTIONS,NUMBER,QUESTION,ID_QUESTION_GROUP,LINK) VALUES (110,41,'Ahoy captain. A statue of an old God is distrubting trade. Some locals Want you to handle this goodly stuff. You are a Watcher aren t you ?: Pillars 2', 7,'https://www.kinguin.net/category/49681/pillars-of-eternity-ii-deadfire-obsidian-edition-steam-cd-key/')
INSERT INTO QUESTIONS_DOMAIN (ID_QUESTIONS,NUMBER,QUESTION,ID_QUESTION_GROUP,LINK) VALUES (111,42,'You thought that sturdy construction will get you safe and it did, but It only armor your body not the mind. Horrors came in the night. Sun dissapeared and in The darkness you could hear the waves of madness crushing into your ears:Sunless Sea',7,'https://www.kinguin.net/category/7822/sunless-sea-steam-key/')
INSERT INTO QUESTIONS_DOMAIN (ID_QUESTIONS,NUMBER,QUESTION,ID_QUESTION_GROUP,LINK) VALUES (112,43,'Welcome to Kuldaharar. Population 8. We have Goblin Horders, Cursed Tombs,Fire Lizards, and a Large Tree In the middle. Please do not try to kill the squirrel : IcewindDale',7,'https://www.kinguin.net/category/11138/icewind-dale-enhanced-edition-steam-key/')
INSERT INTO QUESTIONS_DOMAIN (ID_QUESTIONS,NUMBER,QUESTION,ID_QUESTION_GROUP,LINK) VALUES (113,44,'This is not a safe and normal place. Everything changes so fast that you do not know where is left and right.W5y  i3s  st@r$tin5 t) ch3nge to numbe..<3/.26&2315^>& : SanctuaryRPG: Black Edition',7,'https://www.kinguin.net/category/12798/sanctuaryrpg-black-edition-steam-key/')
INSERT INTO QUESTIONS_DOMAIN (ID_QUESTIONS,NUMBER,QUESTION,ID_QUESTION_GROUP,LINK) VALUES (114,45,'God Eater',7,'https://www.kinguin.net/category/60122/god-eater-3-eu-steam-cd-key/')
INSERT INTO QUESTIONS_DOMAIN (ID_QUESTIONS,NUMBER,QUESTION,ID_QUESTION_GROUP,LINK) VALUES (115,46,'Battle Chef Brigades',7,'https://www.kinguin.net/category/43257/battle-chef-brigade-steam-cd-key/')
INSERT INTO QUESTIONS_DOMAIN (ID_QUESTIONS,NUMBER,QUESTION,ID_QUESTION_GROUP,LINK) VALUES (116,47,'Witcher 3',7,'https://www.kinguin.net/category/29342/the-witcher-3-wild-hunt-goty-edition-gog-cd-key/')
INSERT INTO QUESTIONS_DOMAIN (ID_QUESTIONS,NUMBER,QUESTION,ID_QUESTION_GROUP,LINK) VALUES (117,48,'Baldurs Gate 2',7,'https://www.kinguin.net/category/4691/baldur-s-gate-ii-enhanced-edition-steam-cd-key/')
INSERT INTO QUESTIONS_DOMAIN (ID_QUESTIONS,NUMBER,QUESTION,ID_QUESTION_GROUP,LINK) VALUES (118,49,'Deaths Gambit',7,'https://www.kinguin.net/category/54221/deatha-s-gambit-steam-cd-key/')
INSERT INTO QUESTIONS_DOMAIN (ID_QUESTIONS,NUMBER,QUESTION,ID_QUESTION_GROUP,LINK) VALUES (119,50,'Dust',7,'https://www.kinguin.net/category/9656/dust-an-elysian-tail-steam-key/')
INSERT INTO QUESTIONS_DOMAIN (ID_QUESTIONS,NUMBER,QUESTION,ID_QUESTION_GROUP,LINK) VALUES (120,51,'Legend of Gimrock',7,'https://www.kinguin.net/category/3818/legend-of-grimrock-steam-cd-key/')
INSERT INTO QUESTIONS_DOMAIN (ID_QUESTIONS,NUMBER,QUESTION,ID_QUESTION_GROUP,LINK) VALUES (121,52,'Dungeon of Chaos',7,'https://www.kinguin.net/category/44888/dungeons-of-chaos-steam-cd-key/')
INSERT INTO QUESTIONS_DOMAIN (ID_QUESTIONS,NUMBER,QUESTION,ID_QUESTION_GROUP,LINK) VALUES (122,53,'Unepic',7,'https://www.kinguin.net/category/1759/unepic-steam-key/')
INSERT INTO QUESTIONS_DOMAIN (ID_QUESTIONS,NUMBER,QUESTION,ID_QUESTION_GROUP,LINK) VALUES (123,54,'Tavernier',7,'https://www.kinguin.net/category/29299/tavernier-steam-cd-key/')
INSERT INTO QUESTIONS_DOMAIN (ID_QUESTIONS,NUMBER,QUESTION,ID_QUESTION_GROUP,LINK) VALUES (124,55,'Rouge Legacy',7,'https://www.kinguin.net/category/4469/rogue-legacy-steam-key/')
INSERT INTO QUESTIONS_DOMAIN (ID_QUESTIONS,NUMBER,QUESTION,ID_QUESTION_GROUP,LINK) VALUES (125,56,'Darkest Dungeon',7,'https://www.kinguin.net/category/19647/darkest-dungeon-steam-cd-key/')
INSERT INTO QUESTIONS_DOMAIN (ID_QUESTIONS,NUMBER,QUESTION,ID_QUESTION_GROUP,LINK) VALUES (126,57,'Tales of Berseria',7,'https://www.kinguin.net/category/38257/tales-of-berseria-steam-cd-key/')
INSERT INTO QUESTIONS_DOMAIN (ID_QUESTIONS,NUMBER,QUESTION,ID_QUESTION_GROUP,LINK) VALUES (127,58,'Ni No Kuni',7,'https://www.kinguin.net/category/42344/ni-no-kuni-ii-revenant-kingdom-steam-cd-key/')
INSERT INTO QUESTIONS_DOMAIN (ID_QUESTIONS,NUMBER,QUESTION,ID_QUESTION_GROUP,LINK) VALUES (128,59,'Dark Souls',7, 'https://www.kinguin.net/category/25602/dark-souls-3-steam-cd-key/')
INSERT INTO QUESTIONS_DOMAIN (ID_QUESTIONS,NUMBER,QUESTION,ID_QUESTION_GROUP,LINK) VALUES (129,60,'Nioh',7,'https://www.kinguin.net/category/42333/nioh-complete-edition-steam-cd-key/')
INSERT INTO QUESTIONS_DOMAIN (ID_QUESTIONS,NUMBER,QUESTION,ID_QUESTION_GROUP,LINK) VALUES (130,61,'Witcher',7,'https://www.kinguin.net/category/16574/the-witcher-enhanced-edition-gog-cd-key/')
INSERT INTO QUESTIONS_DOMAIN (ID_QUESTIONS,NUMBER,QUESTION,ID_QUESTION_GROUP,LINK) VALUES (131,62,'Valkyria Chronicles',7,'https://www.kinguin.net/category/11351/valkyria-chronicles-steam-key/')
INSERT INTO QUESTIONS_DOMAIN (ID_QUESTIONS,NUMBER,QUESTION,ID_QUESTION_GROUP,LINK) VALUES (132,63,'FF XV',7,'https://www.kinguin.net/category/46389/final-fantasy-xv-windows-edition-steam-cd-key/')
                                                                                           -- INSERT INTO QUESTIONS_DOMAIN (ID_QUESTIONS,NUMBER,QUESTION,ID_QUESTION_GROUP,LINK) VALUES (62,62,'FF XII',1,'https://www.kinguin.net/category/26820/final-fantasy-x-x-2-hd-remaster-steam-cd-key/')
INSERT INTO QUESTIONS_DOMAIN (ID_QUESTIONS,NUMBER,QUESTION,ID_QUESTION_GROUP,LINK) VALUES (133,64,'Final Fantasy 7, 8',1, 'https://www.kinguin.net/category/27925/final-fantasy-vii-viii-steam-cd-key/')